{"cameraMode":{"drawMode":0,"name":"Shaded","section":"Shading Mode"},"sceneLighting":true,"audioPlay":false,"sceneViewState":{"showFog":true,"showMaterialUpdate":false,"showSkybox":true,"showFlares":true,"showImageEffects":true,"showParticleSystems":true},"in2DMode":false,"pivot":{"x":-31.026657104492189,"y":214.64231872558595,"z":110.05789184570313},"rotation":{"x":0.016888625919818879,"y":0.8298311233520508,"z":-0.5571932196617127,"w":0.02515227720141411},"size":10.0,"orthographic":false}